품목 대분류,품목 중분류,품목 소분류,등급,단위,시도,기준일,당일 가격,1개월 전 가격,1년 전 가격,평년 가격
식량작물,쌀,일반계,상품,20KG,서울,20211109,52500,55000,54360,44567
식량작물,쌀,일반계,상품,20KG,부산,20211109,54000,56000,58800,45000
식량작물,쌀,일반계,상품,20KG,대구,20211109,56000,58600,56400,46667
식량작물,쌀,일반계,상품,20KG,광주,20211109,52300,56000,53700,44400
식량작물,쌀,일반계,상품,20KG,대전,20211109,54600,58100,54000,44833
식량작물,쌀,일반계,중품,20KG,서울,20211109,50600,50600,52420,43373
식량작물,쌀,일반계,중품,20KG,부산,20211109,52000,54000,56800,43000
식량작물,쌀,일반계,중품,20KG,대구,20211109,54000,56600,54400,44000
식량작물,쌀,일반계,중품,20KG,광주,20211109,50300,53550,52420,42733
식량작물,쌀,일반계,중품,20KG,대전,20211109,50000,54575,52000,42560
식량작물,찹쌀,일반계,상품,40KG,서울,20211109,125000,128000,131000,115667
식량작물,찹쌀,일반계,상품,40KG,부산,20211109,125000,132000,130000,114667
식량작물,찹쌀,일반계,상품,40KG,대구,20211109,124000,130000,126000,115533
식량작물,찹쌀,일반계,상품,40KG,광주,20211109,117000,128000,124600,111867
식량작물,찹쌀,일반계,상품,40KG,대전,20211109,121000,125000,125000,111333
식량작물,찹쌀,일반계,중품,40KG,서울,20211109,111000,118000,120000,106333
식량작물,찹쌀,일반계,중품,40KG,부산,20211109,115000,122000,120000,106333
식량작물,찹쌀,일반계,중품,40KG,대구,20211109,119000,125000,120200,107467
식량작물,찹쌀,일반계,중품,40KG,광주,20211109,113000,127000,120600,107200
식량작물,찹쌀,일반계,중품,40KG,대전,20211109,115000,116000,115000,102667
식량작물,콩,흰 콩(국산),상품,35KG,서울,20211109,225000,225000,187600,178200
식량작물,콩,흰 콩(국산),상품,35KG,부산,20211109,230000,230000,190000,178333
식량작물,콩,흰 콩(국산),상품,35KG,대구,20211109,224000,232000,194000,188667
식량작물,콩,흰 콩(국산),상품,35KG,광주,20211109,211000,223000,201200,177333
식량작물,콩,흰 콩(국산),상품,35KG,대전,20211109,235000,235000,190000,177800
식량작물,콩,흰 콩(국산),중품,35KG,부산,20211109,210000,210000,180000,168333
식량작물,콩,흰 콩(국산),중품,35KG,대구,20211109,216000,224000,176000,175667
식량작물,콩,흰 콩(국산),중품,35KG,대전,20211109,225000,225000,180000,169400
식량작물,콩,흰 콩(수입),중품,35KG,서울,20211109,124000,,136000,122000
식량작물,콩,흰 콩(수입),중품,35KG,부산,20211109,140000,140000,140000,120000
식량작물,콩,흰 콩(수입),중품,35KG,대구,20211109,141000,141000,140000,123667
식량작물,콩,흰 콩(수입),중품,35KG,광주,20211109,123000,121000,117000,119667
식량작물,콩,흰 콩(수입),중품,35KG,대전,20211109,131000,131000,130000,119533
식량작물,팥,붉은 팥(국산),상품,40KG,서울,20211109,456000,456000,464000,371333
식량작물,팥,붉은 팥(국산),상품,40KG,부산,20211109,440000,480000,430400,370133
식량작물,팥,붉은 팥(국산),상품,40KG,대구,20211109,460000,500000,455200,407733
식량작물,팥,붉은 팥(국산),상품,40KG,광주,20211109,333000,436000,444800,366000
식량작물,팥,붉은 팥(국산),상품,40KG,대전,20211109,453000,500000,422000,375933
식량작물,팥,붉은 팥(국산),중품,40KG,부산,20211109,380000,420000,375600,331867
식량작물,팥,붉은 팥(국산),중품,40KG,대구,20211109,433000,460000,438800,385600
식량작물,팥,붉은 팥(국산),중품,40KG,대전,20211109,416000,460000,402000,350067
식량작물,팥,붉은 팥(수입),중품,40KG,서울,20211109,256000,254000,201000,165667
식량작물,팥,붉은 팥(수입),중품,40KG,대구,20211109,245000,245000,205000,167000
식량작물,팥,붉은 팥(수입),중품,40KG,광주,20211109,256000,256000,214000,164000
식량작물,팥,붉은 팥(수입),중품,40KG,대전,20211109,250000,249000,182000,159267
식량작물,녹두,국산,상품,40KG,서울,20211109,740000,653000,578600,403333
식량작물,녹두,국산,상품,40KG,부산,20211109,700000,660000,578000,413333
식량작물,녹두,국산,상품,40KG,대구,20211109,700000,700000,580000,426667
식량작물,녹두,국산,상품,40KG,광주,20211109,680000,658000,570000,378667
식량작물,녹두,국산,중품,40KG,대구,20210827,713000,760000,465000,415000
식량작물,녹두,국산,중품,40KG,대전,20210827,,636000,450000,364333
식량작물,녹두,수입,중품,40KG,서울,20211109,213000,213000,280000,249000
식량작물,녹두,수입,중품,40KG,부산,20211109,210000,230000,225000,233333
식량작물,녹두,수입,중품,40KG,대구,20211109,220000,220000,180000,226667
식량작물,녹두,수입,중품,40KG,광주,20211109,203000,210000,173000,190000
식량작물,녹두,수입,중품,40KG,대전,20211109,223000,223000,210000,217667
식량작물,메밀,메밀(수입),중품,1KG,대구,20211008,4200,4500,3218,3099
식량작물,고구마,밤,상품,10KG,서울,20211109,28000,31800,36400,30667
식량작물,고구마,밤,상품,10KG,부산,20211109,29000,35000,35600,29467
식량작물,고구마,밤,상품,10KG,대구,20211109,29300,32800,35300,27933
식량작물,고구마,밤,상품,10KG,광주,20211109,28300,32800,35300,
식량작물,고구마,밤,상품,10KG,대전,20211109,28200,32800,35400,28467
식량작물,고구마,밤,중품,10KG,서울,20211109,23000,26800,31400,26667
식량작물,고구마,밤,중품,10KG,부산,20211109,25000,31000,31600,25800
식량작물,고구마,밤,중품,10KG,대구,20211109,24000,27500,32900,23600
식량작물,고구마,밤,중품,10KG,광주,20211109,23300,27800,30300,
식량작물,고구마,밤,중품,10KG,대전,20211109,23200,27800,30900,23467
식량작물,감자,수미,상품,20KG,서울,20211109,33600,33475,35600,35600
식량작물,감자,수미,상품,20KG,부산,20211109,33000,32750,35500,34033
식량작물,감자,수미,상품,20KG,대구,20211109,33000,32750,35200,34400
식량작물,감자,수미,상품,20KG,광주,20211109,34300,33550,35200,
식량작물,감자,수미,상품,20KG,대전,20211109,35200,34650,36400,34733
식량작물,감자,수미,중품,20KG,서울,20211109,31600,31475,33600,32267
식량작물,감자,수미,중품,20KG,부산,20211109,29000,28750,31500,30367
식량작물,감자,수미,중품,20KG,대구,20211109,28000,27750,30800,30267
식량작물,감자,수미,중품,20KG,광주,20211109,31300,30550,30200,
식량작물,감자,수미,중품,20KG,대전,20211109,32200,31650,31900,30233
식량작물,감자,대지마,상품,30KG,서울,20210219,76000,72000,,
식량작물,감자,대지마,상품,30KG,부산,20210219,72000,62400,,
식량작물,감자,대지마,상품,30KG,광주,20210219,74300,66500,,
식량작물,감자,대지마,상품,30KG,대전,20210219,65500,63700,,
식량작물,감자,대지마,중품,30KG,서울,20210219,71000,67000,,
식량작물,감자,대지마,중품,30KG,부산,20210219,68000,57400,,
식량작물,감자,대지마,중품,30KG,광주,20210219,69300,61500,,
식량작물,감자,대지마,중품,30KG,대전,20210219,60500,57700,,
채소류,배추,봄,상품,10KG,서울,20210712,,5850,9750,8067
채소류,배추,봄,상품,10KG,부산,20210712,7000,5875,9250,7533
채소류,배추,봄,상품,10KG,대구,20210712,8000,5750,9250,8133
채소류,배추,봄,상품,10KG,광주,20210712,,6093,10350,
채소류,배추,봄,상품,10KG,대전,20210712,8000,6500,13500,8967
채소류,배추,봄,중품,10KG,서울,20210712,,4850,8750,6800
채소류,배추,봄,중품,10KG,부산,20210712,6000,4875,7250,6533
채소류,배추,봄,중품,10KG,대구,20210712,7000,4750,7250,7017
채소류,배추,봄,중품,10KG,광주,20210712,,5093,8468,
채소류,배추,봄,중품,10KG,대전,20210712,6000,4500,9750,7367
채소류,배추,고랭지,상품,10KG,대구,20211105,,9000,,
채소류,배추,고랭지,상품,10KG,광주,20211105,,9362,,
채소류,배추,고랭지,상품,10KG,대전,20211105,10500,11000,,
채소류,배추,고랭지,중품,10KG,대구,20211105,,8000,,
채소류,배추,고랭지,중품,10KG,광주,20211105,,7372,,
채소류,배추,고랭지,중품,10KG,대전,20211105,8500,9000,,
채소류,배추,가을,상품,10KG,서울,20211109,11400,,6080,7067
채소류,배추,가을,상품,10KG,부산,20211109,11000,,5800,6800
채소류,배추,가을,상품,10KG,대구,20211109,12000,,5760,6967
채소류,배추,가을,상품,10KG,광주,20211109,11200,,5700,
채소류,배추,가을,상품,10KG,대전,20211109,13800,,6400,7533
채소류,배추,가을,중품,10KG,서울,20211109,10400,,4280,5400
채소류,배추,가을,중품,10KG,부산,20211109,9000,,4800,5133
채소류,배추,가을,중품,10KG,대구,20211109,11000,,3800,5633
채소류,배추,가을,중품,10KG,광주,20211109,10200,,3700,
채소류,배추,가을,중품,10KG,대전,20211109,11800,,4400,5473
채소류,배추,월동,상품,10KG,서울,20210513,8000,10000,,
채소류,배추,월동,상품,10KG,부산,20210513,8000,10000,,
채소류,배추,월동,상품,10KG,대구,20210513,8000,10000,,
채소류,배추,월동,상품,10KG,광주,20210513,9250,11200,,
채소류,배추,월동,상품,10KG,대전,20210513,10000,13200,,
채소류,배추,월동,중품,10KG,서울,20210513,7000,9000,,
채소류,배추,월동,중품,10KG,부산,20210513,7000,9000,,
채소류,배추,월동,중품,10KG,대구,20210513,7000,9000,,
채소류,배추,월동,중품,10KG,광주,20210513,7250,9230,,
채소류,배추,월동,중품,10KG,대전,20210513,9000,11200,,
채소류,양배추,양배추,상품,8KG,서울,20211109,7000,4665,14600,10717
채소류,양배추,양배추,상품,8KG,부산,20211109,6000,4958,15000,9617
채소류,양배추,양배추,상품,8KG,대구,20211109,6000,4875,15200,9992
채소류,양배추,양배추,상품,8KG,광주,20211109,6330,4953,15400,
채소류,양배추,양배추,상품,8KG,대전,20211109,6600,5400,16000,10083
채소류,양배추,양배추,중품,8KG,서울,20211109,6500,4165,13600,9317
채소류,양배추,양배추,중품,8KG,부산,20211109,5000,3958,13000,7617
채소류,양배추,양배추,중품,8KG,대구,20211109,5200,4075,12200,8350
채소류,양배추,양배추,중품,8KG,광주,20211109,5330,3910,13500,
채소류,양배추,양배추,중품,8KG,대전,20211109,5600,4400,13000,8083
채소류,시금치,시금치,상품,4KG,서울,20211109,16000,24775,10200,11133
채소류,시금치,시금치,상품,4KG,부산,20211109,16000,17500,10500,10900
채소류,시금치,시금치,상품,4KG,대구,20211109,16000,21000,10200,10467
채소류,시금치,시금치,상품,4KG,광주,20211109,15300,23550,10800,
채소류,시금치,시금치,상품,4KG,대전,20211109,14300,22300,10600,11600
채소류,시금치,시금치,중품,4KG,서울,20211109,14000,22775,7200,7800
채소류,시금치,시금치,중품,4KG,부산,20211109,13000,15500,8530,8610
채소류,시금치,시금치,중품,4KG,대구,20211109,12200,17200,7200,7950
채소류,시금치,시금치,중품,4KG,광주,20211109,12300,19550,6860,
채소류,시금치,시금치,중품,4KG,대전,20211109,11600,19300,7100,8300
채소류,상추,적,상품,4KG,서울,20211109,15000,31650,10400,15817
채소류,상추,적,상품,4KG,부산,20211109,18000,25250,11500,15767
채소류,상추,적,상품,4KG,대구,20211109,16000,27000,11000,15033
채소류,상추,적,상품,4KG,광주,20211109,17300,31550,11300,
채소류,상추,적,상품,4KG,대전,20211109,19000,32075,11800,16167
채소류,상추,적,중품,4KG,서울,20211109,13000,29650,8400,11350
채소류,상추,적,중품,4KG,부산,20211109,15000,22000,8500,12100
채소류,상추,적,중품,4KG,대구,20211109,12000,23000,10000,11367
채소류,상추,적,중품,4KG,광주,20211109,14300,29550,8330,
채소류,상추,적,중품,4KG,대전,20211109,17000,30075,8800,12767
채소류,상추,청,상품,4KG,서울,20211109,13700,27800,11260,12987
채소류,상추,청,상품,4KG,부산,20211109,16000,26000,10500,13817
채소류,상추,청,상품,4KG,대구,20211109,14000,24500,11000,13233
채소류,상추,청,상품,4KG,광주,20211109,14300,27050,10312,
채소류,상추,청,상품,4KG,대전,20211109,12500,26350,11000,12383
채소류,상추,청,중품,4KG,서울,20211109,10700,24800,8266,9055
채소류,상추,청,중품,4KG,부산,20211109,14000,22250,7500,11150
채소류,상추,청,중품,4KG,대구,20211109,10000,19000,9000,10200
채소류,상추,청,중품,4KG,광주,20211109,10300,18800,6660,
채소류,상추,청,중품,4KG,대전,20211109,8500,23350,8000,8900
채소류,얼갈이배추,얼갈이배추,상품,4KG,서울,20211109,10000,7330,3000,4820
채소류,얼갈이배추,얼갈이배추,상품,4KG,부산,20211109,8000,6750,3830,4873
채소류,얼갈이배추,얼갈이배추,상품,4KG,대구,20211109,8000,7250,3500,4667
채소류,얼갈이배추,얼갈이배추,상품,4KG,광주,20211109,8160,7080,3660,
채소류,얼갈이배추,얼갈이배추,상품,4KG,대전,20211109,8330,7665,3500,5027
채소류,얼갈이배추,얼갈이배추,중품,4KG,서울,20211109,8000,5330,2000,3463
채소류,얼갈이배추,얼갈이배추,중품,4KG,부산,20211109,6000,4750,2830,3633
채소류,얼갈이배추,얼갈이배추,중품,4KG,대구,20211109,7000,6050,3000,3417
채소류,얼갈이배추,얼갈이배추,중품,4KG,광주,20211109,6160,6080,2160,
채소류,얼갈이배추,얼갈이배추,중품,4KG,대전,20211109,7330,6248,2500,3642
채소류,수박,수박,상품,1개,서울,20211109,11000,11000,7600,12467
채소류,수박,수박,상품,1개,부산,20211109,16000,12750,6500,12000
채소류,수박,수박,상품,1개,대구,20211109,11000,12000,6000,11600
채소류,수박,수박,상품,1개,광주,20211109,11200,11200,7500,
채소류,수박,수박,상품,1개,대전,20211109,11000,14000,7000,12950
채소류,수박,수박,중품,1개,서울,20211109,6500,6500,6580,10467
채소류,수박,수박,중품,1개,부산,20211109,12000,9750,5000,9333
채소류,수박,수박,중품,1개,대구,20211109,8000,9000,5000,8600
채소류,수박,수박,중품,1개,광주,20211109,8120,7250,5500,
채소류,수박,수박,중품,1개,대전,20211109,8000,9250,5500,9533
채소류,참외,참외,상품,10KG,서울,20210910,35000,45320,,
채소류,참외,참외,상품,10KG,부산,20210910,33000,35000,,
채소류,참외,참외,상품,10KG,대구,20210910,35000,41000,,
채소류,참외,참외,상품,10KG,광주,20210910,33200,43000,,
채소류,참외,참외,상품,10KG,대전,20210910,32600,43820,,
채소류,참외,참외,중품,10KG,서울,20210910,30000,40320,,
채소류,참외,참외,중품,10KG,부산,20210910,29000,31000,,
채소류,참외,참외,중품,10KG,대구,20210910,30000,36000,,
채소류,참외,참외,중품,10KG,광주,20210910,29200,39000,,
채소류,참외,참외,중품,10KG,대전,20210910,26000,38820,,
채소류,오이,가시계통,상품,10KG,부산,20211109,34000,21250,19000,20400
채소류,오이,가시계통,상품,10KG,대구,20211109,38000,24500,24000,23917
채소류,오이,가시계통,중품,10KG,부산,20211109,30000,18000,16000,17067
채소류,오이,가시계통,중품,10KG,대구,20211109,34000,20500,20000,19083
채소류,오이,다다기계통,상품,100개,서울,20211109,73200,48875,32000,40017
채소류,오이,다다기계통,상품,100개,대구,20211109,65000,49500,30400,42917
채소류,오이,다다기계통,상품,100개,대전,20211109,66700,50950,33200,42367
채소류,오이,다다기계통,중품,100개,서울,20211109,67500,43225,26600,32350
채소류,오이,다다기계통,중품,100개,대구,20211109,60000,45500,26400,35583
채소류,오이,다다기계통,중품,100개,대전,20211109,61700,45950,26200,35650
채소류,오이,취청,상품,50개,서울,20211109,60700,25800,18160,24720
채소류,오이,취청,상품,50개,광주,20211109,51300,21800,17400,
채소류,오이,취청,상품,50개,대전,20211109,47700,20200,16800,24817
채소류,오이,취청,중품,50개,서울,20211109,56700,21800,14520,20240
채소류,오이,취청,중품,50개,광주,20211109,47300,17800,12400,
채소류,오이,취청,중품,50개,대전,20211109,43700,15200,12800,20983
채소류,호박,애호박,상품,20개,서울,20211109,26200,18225,15060,16087
채소류,호박,애호박,상품,20개,부산,20211109,26000,19500,15600,17400
채소류,호박,애호박,상품,20개,대구,20211109,23000,18750,15200,17933
채소류,호박,애호박,상품,20개,광주,20211109,26300,17800,15600,
채소류,호박,애호박,상품,20개,대전,20211109,27600,19125,16800,18500
채소류,호박,애호박,중품,20개,서울,20211109,24000,15900,12060,12087
채소류,호박,애호박,중품,20개,부산,20211109,22000,17250,13600,14067
채소류,호박,애호박,중품,20개,대구,20211109,19000,15750,13500,14183
채소류,호박,애호박,중품,20개,광주,20211109,22300,14800,11600,
채소류,호박,애호박,중품,20개,대전,20211109,24600,16125,12800,14167
채소류,호박,쥬키니,상품,10KG,서울,20211109,33000,19650,9064,9271
채소류,호박,쥬키니,상품,10KG,부산,20211109,32000,18500,8860,10287
채소류,호박,쥬키니,상품,10KG,대구,20211109,32000,17000,9200,10800
채소류,호박,쥬키니,상품,10KG,광주,20211109,33300,18300,9060,
채소류,호박,쥬키니,상품,10KG,대전,20211109,36700,17525,8800,11100
채소류,호박,쥬키니,중품,10KG,서울,20211109,29700,16450,4732,5161
채소류,호박,쥬키니,중품,10KG,부산,20211109,28000,15500,6860,7620
채소류,호박,쥬키니,중품,10KG,대구,20211109,27000,14000,5200,7567
채소류,호박,쥬키니,중품,10KG,광주,20211109,30300,15300,6060,
채소류,호박,쥬키니,중품,10KG,대전,20211109,33700,14525,6600,7517
채소류,토마토,토마토,상품,10KG,서울,20211109,37000,28000,34500,31833
채소류,토마토,토마토,상품,10KG,부산,20211109,38000,30000,38500,32833
채소류,토마토,토마토,상품,10KG,대구,20211109,38000,29500,39600,31583
채소류,토마토,토마토,상품,10KG,광주,20211109,38200,29700,39100,
채소류,토마토,토마토,상품,10KG,대전,20211109,40000,31300,40400,33667
채소류,토마토,토마토,중품,10KG,서울,20211109,32000,23000,29500,27167
채소류,토마토,토마토,중품,10KG,부산,20211109,33000,26000,34800,28833
채소류,토마토,토마토,중품,10KG,대구,20211109,33500,25000,35300,25917
채소류,토마토,토마토,중품,10KG,광주,20211109,35200,26700,35100,
채소류,토마토,토마토,중품,10KG,대전,20211109,37000,28300,36400,28667
채소류,딸기,딸기,상품,2KG,서울,20210510,16000,10600,18000,
채소류,딸기,딸기,상품,2KG,부산,20210510,13000,15000,15000,
채소류,딸기,딸기,상품,2KG,대구,20210510,14200,14200,16500,
채소류,딸기,딸기,상품,2KG,광주,20210510,14200,13950,16750,
채소류,딸기,딸기,상품,2KG,대전,20210510,15000,15500,14250,
채소류,딸기,딸기,중품,2KG,서울,20210510,11000,7800,13000,
채소류,딸기,딸기,중품,2KG,부산,20210510,8000,11000,11000,
채소류,딸기,딸기,중품,2KG,대구,20210510,9000,10000,11500,
채소류,딸기,딸기,중품,2KG,광주,20210510,11200,10950,11750,
채소류,딸기,딸기,중품,2KG,대전,20210510,12000,12500,10000,
채소류,무,봄,상품,20KG,서울,20210714,,9200,14040,12680
채소류,무,봄,상품,20KG,부산,20210714,11000,10000,13800,12400
채소류,무,봄,상품,20KG,대구,20210714,,10500,14300,14033
채소류,무,봄,상품,20KG,광주,20210714,,10020,14500,
채소류,무,봄,상품,20KG,대전,20210714,,10200,16000,13650
채소류,무,봄,중품,20KG,서울,20210714,,7200,12040,9747
채소류,무,봄,중품,20KG,부산,20210714,9000,8000,12800,10050
채소류,무,봄,중품,20KG,대구,20210714,,8500,12800,10933
채소류,무,봄,중품,20KG,광주,20210714,,7650,12500,
채소류,무,봄,중품,20KG,대전,20210714,,7200,13200,10483
채소류,무,고랭지,상품,20KG,대구,20211104,12000,8875,,
채소류,무,고랭지,상품,20KG,광주,20211104,12200,8500,,
채소류,무,고랭지,상품,20KG,대전,20211104,13300,9275,,
채소류,무,고랭지,중품,20KG,대구,20211104,10000,6875,,
채소류,무,고랭지,중품,20KG,광주,20211104,10200,6500,,
채소류,무,고랭지,중품,20KG,대전,20211104,11300,7275,,
채소류,무,가을,상품,20KG,서울,20211109,13400,,11480,12743
채소류,무,가을,상품,20KG,부산,20211109,11000,,11800,12767
채소류,무,가을,상품,20KG,대구,20211109,13000,,11400,12800
채소류,무,가을,상품,20KG,광주,20211109,13200,,11900,
채소류,무,가을,상품,20KG,대전,20211109,15400,,13400,13733
채소류,무,가을,중품,20KG,서울,20211109,11400,,8480,8760
채소류,무,가을,중품,20KG,부산,20211109,9000,,9800,10100
채소류,무,가을,중품,20KG,대구,20211109,11000,,9400,10133
채소류,무,가을,중품,20KG,광주,20211109,11200,,9900,
채소류,무,가을,중품,20KG,대전,20211109,13400,,9400,10620
채소류,무,월동,상품,20KG,서울,20210611,13000,10000,13600,
채소류,무,월동,상품,20KG,부산,20210611,10000,9000,10800,
채소류,무,월동,상품,20KG,대구,20210611,12000,10000,10800,
채소류,무,월동,상품,20KG,광주,20210611,12200,10400,12800,
채소류,무,월동,상품,20KG,대전,20210611,11000,11000,12700,
채소류,무,월동,중품,20KG,서울,20210611,12000,9000,10600,
채소류,무,월동,중품,20KG,부산,20210611,8000,7000,7800,
채소류,무,월동,중품,20KG,대구,20210611,9500,7500,6800,
채소류,무,월동,중품,20KG,광주,20210611,9250,7450,9800,
채소류,무,월동,중품,20KG,대전,20210611,9000,7000,9700,
채소류,당근,무세척,상품,20KG,서울,20211110,28000,33000,49260,55587
채소류,당근,무세척,상품,20KG,부산,20211110,28000,33000,49500,56333
채소류,당근,무세척,상품,20KG,대구,20211110,27000,34000,49800,53567
채소류,당근,무세척,상품,20KG,광주,20211110,28300,33300,50300,
채소류,당근,무세척,상품,20KG,대전,20211110,29300,36800,49600,56033
채소류,당근,무세척,중품,20KG,서울,20211110,25000,30000,46260,51920
채소류,당근,무세척,중품,20KG,부산,20211110,24000,29000,46500,52367
채소류,당근,무세척,중품,20KG,대구,20211110,23000,30000,45000,48800
채소류,당근,무세척,중품,20KG,광주,20211110,24300,29300,46300,
채소류,당근,무세척,중품,20KG,대전,20211110,25300,32800,45600,50367
채소류,당근,세척(수입),중품,10KG,서울,20211110,9000,7500,8000,8333
채소류,당근,세척(수입),중품,10KG,부산,20211110,9000,8000,11000,9000
채소류,당근,세척(수입),중품,10KG,대구,20211110,8000,8000,11000,9000
채소류,당근,세척(수입),중품,10KG,광주,20211110,8160,8203,11300,
채소류,당근,세척(수입),중품,10KG,대전,20211110,8000,8000,9500,9167
채소류,열무,열무,상품,4KG,서울,20211110,8000,11300,4200,5900
채소류,열무,열무,상품,4KG,부산,20211110,8000,8750,4600,5693
채소류,열무,열무,상품,4KG,대구,20211110,8000,10000,4500,5940
채소류,열무,열무,상품,4KG,광주,20211110,8160,10550,4328,
채소류,열무,열무,상품,4KG,대전,20211110,8000,10315,4300,6963
채소류,열무,열무,중품,4KG,서울,20211110,7000,10300,2200,3833
채소류,열무,열무,중품,4KG,부산,20211110,6000,7750,3600,4493
채소류,열무,열무,중품,4KG,대구,20211110,6500,9000,3460,4273
채소류,열무,열무,중품,4KG,광주,20211110,7160,9573,2660,
채소류,열무,열무,중품,4KG,대전,20211110,7000,9330,3300,5257
채소류,건고추,화건,상품,30KG,서울,20211110,600000,600000,800000,606667
채소류,건고추,화건,상품,30KG,부산,20211110,550000,556250,800000,591667
채소류,건고추,화건,상품,30KG,대구,20211110,525000,556000,792200,515000
채소류,건고추,화건,상품,30KG,광주,20211110,557000,575500,855000,
채소류,건고추,화건,중품,30KG,서울,20211110,550000,550000,750000,556667
채소류,건고추,화건,중품,30KG,부산,20211110,500000,506250,745000,541667
채소류,건고추,화건,중품,30KG,대구,20211110,462000,487000,742200,465000
채소류,건고추,화건,중품,30KG,광주,20211110,512000,527000,805000,
채소류,건고추,화건,중품,30KG,대전,20211110,450000,450000,800000,494333
채소류,건고추,햇살화건,상품,30KG,서울,20210820,600000,,,
채소류,건고추,햇살화건,상품,30KG,부산,20210820,625000,,925000,
채소류,건고추,햇살화건,상품,30KG,대구,20210820,575000,,850000,
채소류,건고추,햇살화건,상품,30KG,광주,20210820,602000,,1005000,
채소류,건고추,햇살화건,중품,30KG,서울,20210820,550000,,,
채소류,건고추,햇살화건,중품,30KG,부산,20210820,575000,,,
채소류,건고추,햇살화건,중품,30KG,대구,20210820,487000,,800000,
채소류,건고추,햇살화건,중품,30KG,광주,20210820,552000,,943000,
채소류,건고추,양건,상품,30KG,서울,20211110,750000,750000,1050000,731667
채소류,건고추,양건,상품,30KG,부산,20211110,725000,725000,1000000,716667
채소류,건고추,양건,상품,30KG,대구,20211110,675000,712000,982200,590000
채소류,건고추,양건,상품,30KG,광주,20211110,742000,742000,1075000,
채소류,건고추,양건,상품,30KG,대전,20211110,633000,633000,1050000,719333
채소류,건고추,양건,중품,30KG,서울,20211110,700000,700000,960000,681667
채소류,건고추,양건,중품,30KG,부산,20211110,675000,,925000,666667
채소류,건고추,양건,중품,30KG,대구,20211110,625000,662000,915000,540000
채소류,건고추,양건,중품,30KG,광주,20211110,692000,692000,1025000,
채소류,건고추,양건,중품,30KG,대전,20211110,550000,550000,950000,662667
채소류,건고추,햇살양건,상품,30KG,서울,20210820,750000,,,
채소류,건고추,햇살양건,상품,30KG,부산,20210820,775000,,,
채소류,건고추,햇살양건,상품,30KG,대구,20210820,710000,,,
채소류,건고추,햇살양건,상품,30KG,광주,20210820,752000,,,
채소류,건고추,햇살양건,상품,30KG,대전,20210820,775000,,,
채소류,건고추,햇살양건,중품,30KG,서울,20210820,700000,,,
채소류,건고추,햇살양건,중품,30KG,대구,20210820,660000,,,
채소류,건고추,햇살양건,중품,30KG,광주,20210820,702000,,,
채소류,건고추,햇살양건,중품,30KG,대전,20210820,633000,,,
채소류,건고추,수입,중품,1KG,서울,20120402,7500,7160,7000,6233
채소류,건고추,수입,중품,1KG,부산,20120402,7700,7080,7000,6500
채소류,건고추,수입,중품,1KG,대구,20120402,7500,6900,7200,6373
채소류,풋고추,풋고추,상품,10KG,서울,20211110,75700,36525,57240,51747
채소류,풋고추,풋고추,상품,10KG,부산,20211110,70000,36000,54900,52467
채소류,풋고추,풋고추,상품,10KG,대구,20211110,70000,35250,55400,52133
채소류,풋고추,풋고추,상품,10KG,광주,20211110,70300,34050,56700,
채소류,풋고추,풋고추,중품,10KG,서울,20211110,69000,28525,49960,44320
채소류,풋고추,풋고추,중품,10KG,부산,20211110,62000,32000,44900,46133
채소류,풋고추,풋고추,중품,10KG,대구,20211110,65000,29750,47800,45683
채소류,풋고추,풋고추,중품,10KG,광주,20211110,64300,30050,49140,
채소류,풋고추,꽈리고추,상품,4KG,서울,20211110,21000,26800,20300,20667
채소류,풋고추,꽈리고추,상품,4KG,부산,20211110,19000,23000,20600,22667
채소류,풋고추,꽈리고추,상품,4KG,대구,20211110,20000,25250,20600,22950
채소류,풋고추,꽈리고추,상품,4KG,광주,20211110,20300,26050,20100,
채소류,풋고추,꽈리고추,상품,4KG,대전,20211110,21600,26400,20800,22967
채소류,풋고추,꽈리고추,중품,4KG,서울,20211110,16700,22525,15300,15667
채소류,풋고추,꽈리고추,중품,4KG,부산,20211110,16000,19000,16600,18733
채소류,풋고추,꽈리고추,중품,4KG,대구,20211110,16000,22250,15900,18133
채소류,풋고추,꽈리고추,중품,4KG,광주,20211110,17300,23050,13400,
채소류,풋고추,꽈리고추,중품,4KG,대전,20211110,16600,20900,13800,17833
채소류,풋고추,청양고추,상품,4KG,서울,20211110,50000,39050,51000,49950
채소류,풋고추,청양고추,상품,10KG,부산,20211110,54000,37500,51500,48167
채소류,풋고추,청양고추,상품,10KG,대구,20211110,54000,36250,51340,52280
채소류,풋고추,청양고추,상품,10KG,광주,20211110,54300,36800,51800,
채소류,풋고추,청양고추,상품,10KG,대전,20211110,55000,37375,51400,51550
채소류,풋고추,청양고추,중품,10KG,서울,20211110,43700,32775,45500,44783
채소류,풋고추,청양고추,중품,10KG,부산,20211110,49000,33500,46500,43333
채소류,풋고추,청양고추,중품,10KG,대구,20211110,48000,31500,45000,46833
채소류,풋고추,청양고추,중품,10KG,광주,20211110,48300,30800,43800,
채소류,풋고추,청양고추,중품,10KG,대전,20211110,48000,30375,43400,45217
채소류,붉은고추,붉은고추,상품,10KG,서울,20211110,68000,53150,179800,122100
채소류,붉은고추,붉은고추,상품,10KG,부산,20211110,60000,43250,178000,108333
채소류,붉은고추,붉은고추,상품,10KG,대구,20211110,65000,47500,174800,108250
채소류,붉은고추,붉은고추,상품,10KG,광주,20211110,70300,49800,175800,
채소류,붉은고추,붉은고추,상품,10KG,대전,20211110,73300,50000,175600,110750
채소류,붉은고추,붉은고추,중품,10KG,서울,20211110,59200,45650,170800,109433
채소류,붉은고추,붉은고추,중품,10KG,부산,20211110,54000,37250,160000,99800
채소류,붉은고추,붉은고추,중품,10KG,대구,20211110,58000,42500,146800,100917
채소류,붉은고추,붉은고추,중품,10KG,광주,20211110,65300,45800,161000,
채소류,붉은고추,붉은고추,중품,10KG,대전,20211110,68300,45000,159800,102417
채소류,피마늘,한지,상품,10KG,서울,20211110,110000,100000,80000,89200
채소류,피마늘,한지,상품,10KG,부산,20211110,105000,100000,76600,
채소류,피마늘,한지,상품,10KG,대구,20211110,100000,90000,75000,73333
채소류,피마늘,한지,상품,10KG,대전,20211110,96000,90000,77000,73533
채소류,피마늘,한지,중품,10KG,서울,20211110,105000,95000,65000,72600
채소류,피마늘,한지,중품,10KG,부산,20211110,80000,70000,50000,
채소류,피마늘,한지,중품,10KG,대구,20211110,92000,82000,55000,63333
채소류,피마늘,한지,중품,10KG,대전,20211110,76600,70600,57000,55667
채소류,피마늘,햇난지(대서),상품,10KG,부산,20210709,55000,,,
채소류,피마늘,햇난지(대서),상품,10KG,대구,20210709,55000,,,
채소류,피마늘,햇난지(대서),중품,10KG,부산,20210709,50000,,,
채소류,피마늘,햇난지(대서),중품,10KG,대구,20210709,50000,,,
채소류,피마늘,난지(대서),상품,10KG,서울,20211110,63000,63000,50000,
채소류,피마늘,난지(대서),상품,10KG,부산,20211110,70000,68000,50000,
채소류,피마늘,난지(대서),상품,10KG,대구,20211110,68000,68000,50000,
채소류,피마늘,난지(대서),상품,10KG,광주,20211110,68500,68500,45700,
채소류,피마늘,난지(대서),중품,10KG,서울,20211110,58000,58000,45000,
채소류,피마늘,난지(대서),중품,10KG,부산,20211110,65000,63000,45000,
채소류,피마늘,난지(대서),중품,10KG,대구,20211110,63000,63000,45000,
채소류,피마늘,난지(대서),중품,10KG,광주,20211110,62200,62200,40700,
채소류,피마늘,난지(대서),중품,10KG,대전,20211110,62500,58700,45000,
채소류,피마늘,햇난지(남도),상품,10KG,광주,20210709,74700,,,
채소류,피마늘,햇난지(남도),중품,10KG,광주,20210709,69200,,,
채소류,피마늘,난지(남도),상품,10KG,부산,20211110,,75000,,
채소류,피마늘,난지(남도),상품,10KG,광주,20211110,76700,76700,40700,
채소류,피마늘,난지(남도),중품,10KG,부산,20211110,,70000,,
채소류,피마늘,난지(남도),중품,10KG,광주,20211110,70200,70200,36700,
채소류,피마늘,난지,상품,10KG,서울,20200622,,30000,40000,51667
채소류,피마늘,난지,상품,10KG,부산,20200622,31600,33600,51250,57750
채소류,피마늘,난지,상품,10KG,대구,20200622,25000,33000,47000,55667
채소류,피마늘,난지,상품,10KG,광주,20200622,25600,33000,,
채소류,피마늘,난지,상품,10KG,대전,20200622,25000,30000,45000,53840
채소류,피마늘,난지,중품,10KG,서울,20200622,,25000,27000,46067
채소류,피마늘,난지,중품,10KG,부산,20200622,26600,24600,41250,49417
채소류,피마늘,난지,중품,10KG,대구,20200622,20000,25000,42000,49667
채소류,피마늘,난지,중품,10KG,광주,20200622,21500,28000,,
채소류,피마늘,난지,중품,10KG,대전,20200622,20000,25000,40600,48373
채소류,피마늘,한지1접,상품,1접,서울,20171020,35000,35000,,
채소류,피마늘,한지1접,상품,1접,대구,20171020,35000,35000,,
채소류,피마늘,한지1접,상품,1접,광주,20171020,35000,,,
채소류,피마늘,한지1접,상품,1접,대전,20171020,32000,32000,,
채소류,피마늘,한지1접,중품,1접,서울,20171020,30000,30000,,
채소류,피마늘,한지1접,중품,1접,대구,20171020,30000,30000,,
채소류,피마늘,한지1접,중품,1접,광주,20171020,30000,,,
채소류,피마늘,한지1접,중품,1접,대전,20171020,26000,26000,,
채소류,피마늘,난지1접,상품,1접,서울,20170630,26000,,37600,
채소류,피마늘,난지1접,상품,1접,부산,20170630,24000,,32400,
채소류,피마늘,난지1접,상품,1접,대구,20170630,23000,,32400,
채소류,피마늘,난지1접,상품,1접,광주,20170630,24000,,32000,
채소류,피마늘,난지1접,상품,1접,대전,20170630,28000,,33000,
채소류,피마늘,난지1접,중품,1접,서울,20170630,20000,,31600,
채소류,피마늘,난지1접,중품,1접,부산,20170630,19000,,27400,
채소류,피마늘,난지1접,중품,1접,대구,20170630,19000,,27400,
채소류,피마늘,난지1접,중품,1접,광주,20170630,20000,,28000,
채소류,피마늘,난지1접,중품,1접,대전,20170630,24000,,28000,
채소류,피마늘,햇난지1접,상품,1접,서울,20170602,24000,,,
채소류,피마늘,햇난지1접,상품,1접,부산,20170602,23000,,,
채소류,피마늘,햇난지1접,상품,1접,대구,20170602,23000,,,
채소류,피마늘,햇난지1접,상품,1접,광주,20170602,24000,,,
채소류,피마늘,햇난지1접,상품,1접,대전,20170602,25000,,,
채소류,피마늘,햇난지1접,중품,1접,서울,20170602,19000,,,
채소류,피마늘,햇난지1접,중품,1접,부산,20170602,18000,,,
채소류,피마늘,햇난지1접,중품,1접,대구,20170602,19000,,,
채소류,피마늘,햇난지1접,중품,1접,광주,20170602,20000,,,
채소류,피마늘,햇난지1접,중품,1접,대전,20170602,21000,,,
채소류,깐마늘(국산),깐마늘(국산),상품,20KG,서울,20180105,130000,130000,142200,117400
채소류,깐마늘(국산),깐마늘(국산),상품,20KG,부산,20180105,124000,130000,145000,116667
채소류,깐마늘(국산),깐마늘(국산),상품,20KG,대구,20180105,130000,130000,145000,120000
채소류,깐마늘(국산),깐마늘(국산),상품,20KG,광주,20180105,130000,133600,150000,116667
채소류,깐마늘(국산),깐마늘(국산),상품,20KG,대전,20180105,130000,130000,147200,118333
채소류,깐마늘(국산),깐마늘(국산),중품,20KG,서울,20180105,120000,120000,133000,102667
채소류,깐마늘(국산),깐마늘(국산),중품,20KG,부산,20180105,114000,120000,135000,103333
채소류,깐마늘(국산),깐마늘(국산),중품,20KG,대구,20180105,120000,120000,135000,106667
채소류,깐마늘(국산),깐마늘(국산),중품,20KG,광주,20180105,120000,123600,140000,103333
채소류,깐마늘(국산),깐마늘(국산),중품,20KG,대전,20180105,120000,120000,137200,102333
채소류,깐마늘(국산),깐마늘(대서),상품,20KG,서울,20211110,165000,155000,135000,
채소류,깐마늘(국산),깐마늘(대서),상품,20KG,부산,20211110,155000,155000,136000,
채소류,깐마늘(국산),깐마늘(대서),상품,20KG,대구,20211110,155000,155000,140000,
채소류,깐마늘(국산),깐마늘(대서),상품,20KG,광주,20211110,155000,155000,139000,
채소류,깐마늘(국산),깐마늘(대서),상품,20KG,대전,20211110,161000,160250,141000,
채소류,깐마늘(국산),깐마늘(대서),중품,20KG,서울,20211110,155000,145000,125000,
채소류,깐마늘(국산),깐마늘(대서),중품,20KG,부산,20211110,145000,145000,130000,
채소류,깐마늘(국산),깐마늘(대서),중품,20KG,대구,20211110,145000,145000,130000,
채소류,깐마늘(국산),깐마늘(대서),중품,20KG,광주,20211110,147000,147000,127000,
채소류,깐마늘(국산),깐마늘(대서),중품,20KG,대전,20211110,147000,146250,127000,
채소류,깐마늘(국산),햇깐마늘(대서),상품,20KG,서울,20180105,159000,,,
채소류,깐마늘(국산),햇깐마늘(대서),상품,20KG,부산,20180105,160000,,,
채소류,깐마늘(국산),햇깐마늘(대서),상품,20KG,대구,20180105,155000,,,
채소류,깐마늘(국산),햇깐마늘(대서),상품,20KG,광주,20180105,160000,,,
채소류,깐마늘(국산),햇깐마늘(대서),상품,20KG,대전,20180105,160000,,,
채소류,깐마늘(국산),햇깐마늘(대서),중품,20KG,서울,20180105,149000,,,
채소류,깐마늘(국산),햇깐마늘(대서),중품,20KG,부산,20180105,150000,,,
채소류,깐마늘(국산),햇깐마늘(대서),중품,20KG,대구,20180105,145000,,,
채소류,깐마늘(국산),햇깐마늘(대서),중품,20KG,광주,20180105,150000,,,
채소류,깐마늘(국산),햇깐마늘(대서),중품,20KG,대전,20210709,150000,,,
채소류,깐마늘(국산),깐마늘(남도),상품,20KG,서울,20210709,170000,160000,135000,
채소류,깐마늘(국산),깐마늘(남도),중품,20KG,서울,20210709,160000,150000,125000,
채소류,깐마늘(국산),햇깐마늘(남도),상품,20KG,서울,20210709,164000,,,
채소류,깐마늘(국산),햇깐마늘(남도),상품,20KG,광주,20210709,165000,,,
채소류,깐마늘(국산),햇깐마늘(남도),상품,20KG,대전,20210709,165000,,,
채소류,깐마늘(국산),햇깐마늘(남도),중품,20KG,서울,20210709,154000,,,
채소류,깐마늘(국산),햇깐마늘(남도),중품,20KG,광주,20210709,155000,,,
채소류,깐마늘(국산),햇깐마늘(남도),중품,20KG,대전,20210709,155000,,,
채소류,깐마늘(수입),깐마늘(수입),중품,1KG,부산,20171214,6000,6000,,
채소류,깐마늘(수입),깐마늘(수입),중품,1KG,대구,20171214,6000,6000,,
채소류,깐마늘(수입),깐마늘(수입),중품,1KG,광주,20171214,6000,6000,,
채소류,깐마늘(수입),깐마늘(수입),중품,1KG,대전,20171214,6000,6000,,
채소류,양파,양파,상품,20KG,서울,20211110,21000,18920,28500,20567
채소류,양파,양파,상품,20KG,부산,20211110,20000,19000,24600,19867
채소류,양파,양파,상품,20KG,대구,20211110,20000,18600,25000,20000
채소류,양파,양파,상품,20KG,광주,20211110,19200,18200,24700,
채소류,양파,양파,상품,20KG,대전,20211110,18700,18380,23500,19500
채소류,양파,양파,중품,20KG,서울,20211110,19000,16920,26500,17233
채소류,양파,양파,중품,20KG,부산,20211110,18000,17000,21600,16000
채소류,양파,양파,중품,20KG,대구,20211110,16000,14600,22400,15667
채소류,양파,양파,중품,20KG,광주,20211110,15200,14200,21700,
채소류,양파,양파,중품,20KG,대전,20211110,13700,13380,21500,16167
채소류,양파,햇양파,상품,20KG,서울,20210409,32000,,,
채소류,양파,햇양파,상품,20KG,부산,20210409,31000,,,
채소류,양파,햇양파,상품,20KG,대구,20210409,31000,,,
채소류,양파,햇양파,상품,20KG,광주,20210409,29200,,,
채소류,양파,햇양파,상품,20KG,대전,20210409,30000,,,
채소류,양파,햇양파,중품,20KG,서울,20210409,30000,,,
채소류,양파,햇양파,중품,20KG,부산,20210409,28000,,,
채소류,양파,햇양파,중품,20KG,대구,20210409,27000,,,
채소류,양파,햇양파,중품,20KG,광주,20210409,26200,,,
채소류,양파,햇양파,중품,20KG,대전,20210409,27000,,,
채소류,양파,수입,중품,20KG,서울,20180607,18000,18500,18000,
채소류,양파,수입,중품,20KG,부산,20180607,,14000,18000,
채소류,양파,수입,중품,20KG,대구,20180607,15000,15000,18000,
채소류,양파,수입,중품,20KG,대전,20180607,14000,15000,15000,
채소류,파,대파,상품,1KG,서울,20211110,1950,1748,3044,2187
채소류,파,대파,상품,1KG,부산,20211110,1900,1780,3000,2053
채소류,파,대파,상품,1KG,대구,20211110,1900,1800,2920,1938
채소류,파,대파,상품,1KG,광주,20211110,1930,1810,2980,
채소류,파,대파,상품,1KG,대전,20211110,2660,1880,2940,2120
채소류,파,대파,중품,1KG,서울,20211110,1650,1448,2844,1753
채소류,파,대파,중품,1KG,부산,20211110,1600,1560,2500,1787
채소류,파,대파,중품,1KG,대구,20211110,1500,1400,2720,1492
채소류,파,대파,중품,1KG,광주,20211110,1630,1510,2480,
채소류,파,대파,중품,1KG,대전,20211110,2330,1464,2410,1749
채소류,파,쪽파,상품,1KG,서울,20211110,7000,6100,6700,4467
채소류,파,쪽파,상품,1KG,부산,20211110,7000,5900,6100,4487
채소류,파,쪽파,상품,1KG,대구,20211110,7000,6100,6400,4667
채소류,파,쪽파,상품,1KG,광주,20211110,7330,6130,6794,
채소류,파,쪽파,상품,1KG,대전,20211110,8330,7114,6300,4647
채소류,파,쪽파,중품,1KG,서울,20211110,6500,5600,6200,3967
채소류,파,쪽파,중품,1KG,부산,20211110,6000,4900,5100,3920
채소류,파,쪽파,중품,1KG,대구,20211110,6000,5100,5700,3933
채소류,파,쪽파,중품,1KG,광주,20211110,6330,5130,5794,
채소류,파,쪽파,중품,1KG,대전,20211110,7330,6114,3600,3247
채소류,생강,국산,상품,20KG,서울,20211110,70000,80000,104000,102417
채소류,생강,국산,상품,20KG,부산,20211110,63000,86400,100000,98333
채소류,생강,국산,상품,20KG,대구,20211110,65000,80400,100000,99450
채소류,생강,국산,상품,20KG,광주,20211110,65300,81500,103000,
채소류,생강,국산,상품,20KG,대전,20211110,67300,78080,106400,99883
채소류,생강,국산,중품,20KG,서울,20211110,60000,70000,94000,92417
채소류,생강,국산,중품,20KG,부산,20211110,55000,76400,85000,83333
채소류,생강,국산,중품,20KG,대구,20211110,55000,66800,85000,87250
채소류,생강,국산,중품,20KG,광주,20211110,45300,60500,81600,
채소류,생강,국산,중품,20KG,대전,20211110,56300,66100,92400,86883
채소류,생강,수입,중품,10KG,서울,20211110,53000,54800,120000,61667
채소류,생강,수입,중품,10KG,부산,20211110,60000,64800,106000,60667
채소류,생강,수입,중품,10KG,대구,20211110,60000,64400,106000,57917
채소류,생강,수입,중품,10KG,광주,20211110,65300,65300,100000,
채소류,생강,수입,중품,10KG,대전,20211110,70000,71320,110000,58417
채소류,미나리,미나리,상품,15KG,서울,20211110,120000,104460,86960,65375
채소류,미나리,미나리,상품,15KG,부산,20211110,95000,82000,88000,67167
채소류,미나리,미나리,상품,15KG,대구,20211110,105000,88600,88300,67938
채소류,미나리,미나리,상품,15KG,광주,20211110,101000,86500,88600,
채소류,미나리,미나리,상품,15KG,대전,20211110,87500,85000,85300,68117
채소류,미나리,미나리,중품,15KG,서울,20211110,110000,94460,72960,56208
채소류,미나리,미나리,중품,15KG,부산,20211110,85000,66000,78000,58000
채소류,미나리,미나리,중품,15KG,대구,20211110,90000,72800,82200,60021
채소류,미나리,미나리,중품,15KG,광주,20211110,81600,67500,78600,
채소류,미나리,미나리,중품,15KG,대전,20211110,77500,75000,77500,60483
채소류,깻잎,깻잎,상품,2KG,서울,20211110,20700,29020,20920,20173
채소류,깻잎,깻잎,상품,2KG,부산,20211110,24000,25200,20900,19433
채소류,깻잎,깻잎,상품,2KG,대구,20211110,24000,26400,21800,19267
채소류,깻잎,깻잎,상품,2KG,광주,20211110,24300,26300,21200,
채소류,깻잎,깻잎,상품,2KG,대전,20211110,24000,26380,20400,18733
채소류,깻잎,깻잎,중품,2KG,서울,20211110,16700,25020,16920,15507
채소류,깻잎,깻잎,중품,2KG,부산,20211110,20000,21000,17900,15767
채소류,깻잎,깻잎,중품,2KG,대구,20211110,18000,22800,19800,15600
채소류,깻잎,깻잎,중품,2KG,광주,20211110,20300,22300,17200,
채소류,깻잎,깻잎,중품,2KG,대전,20211110,20000,22380,17400,13733
채소류,피망,청,상품,10KG,서울,20211110,69700,25080,29380,32260
채소류,피망,청,상품,10KG,부산,20211110,70000,25600,29200,31400
채소류,피망,청,상품,10KG,대구,20211110,70000,24600,29600,32667
채소류,피망,청,상품,10KG,광주,20211110,69300,24700,29600,
채소류,피망,청,상품,10KG,대전,20211110,70000,24660,29800,32733
채소류,피망,청,중품,10KG,서울,20211110,65200,20080,24120,27173
채소류,피망,청,중품,10KG,부산,20211110,65000,21400,24200,27067
채소류,피망,청,중품,10KG,대구,20211110,65000,19100,23600,27000
채소류,피망,청,중품,10KG,광주,20211110,66300,19700,19600,
채소류,피망,청,중품,10KG,대전,20211110,65000,19660,24000,27533
채소류,파프리카,파프리카,상품,5KG,서울,20211110,16700,25020,22720,22473
채소류,파프리카,파프리카,상품,5KG,부산,20211110,17000,22000,24400,23667
채소류,파프리카,파프리카,상품,5KG,대구,20211110,18000,21600,25100,24617
채소류,파프리카,파프리카,상품,5KG,광주,20211110,17300,21900,25420,
채소류,파프리카,파프리카,상품,5KG,대전,20211110,19000,24040,26400,24867
채소류,파프리카,파프리카,중품,5KG,서울,20211110,13700,22020,19720,18140
채소류,파프리카,파프리카,중품,5KG,부산,20211110,13000,18000,21100,19900
채소류,파프리카,파프리카,중품,5KG,대구,20211110,13000,17800,21900,20217
채소류,파프리카,파프리카,중품,5KG,광주,20211110,13300,16900,21600,
채소류,파프리카,파프리카,중품,5KG,대전,20211110,15000,19040,23000,20733
채소류,멜론,멜론,상품,8KG,서울,20211110,44500,26200,29800,29100
채소류,멜론,멜론,상품,8KG,부산,20211110,30000,28000,26000,25867
채소류,멜론,멜론,상품,8KG,대구,20211110,30000,26200,27000,25667
채소류,멜론,멜론,상품,8KG,광주,20211110,30200,26400,26700,
채소류,멜론,멜론,상품,8KG,대전,20211110,27300,25600,24400,25800
채소류,멜론,멜론,중품,8KG,서울,20211110,39500,21200,24800,25100
채소류,멜론,멜론,중품,8KG,부산,20211110,25000,24000,22000,22200
채소류,멜론,멜론,중품,8KG,대구,20211110,26000,22200,23000,20017
채소류,멜론,멜론,중품,8KG,광주,20211110,24500,21400,20700,
채소류,멜론,멜론,중품,8KG,대전,20211110,22300,20600,19400,21400
채소류,방울토마토,방울토마토,상품,5KG,서울,20211110,27500,14420,15500,16700
채소류,방울토마토,방울토마토,중품,5KG,서울,20211110,22500,9680,10500,13133
특용작물,참깨,백색(국산),상품,30KG,서울,20211110,750000,680000,789000,498000
특용작물,참깨,백색(국산),상품,30KG,부산,20211110,800000,700000,800000,513333
특용작물,참깨,백색(국산),상품,30KG,대구,20211110,780000,750000,825000,523333
특용작물,참깨,백색(국산),상품,30KG,광주,20211110,740000,676000,825000,485667
특용작물,참깨,백색(국산),상품,30KG,대전,20211110,820000,770000,850000,501667
특용작물,참깨,백색(국산),중품,30KG,부산,20211110,750000,680000,750000,486667
특용작물,참깨,백색(국산),중품,30KG,대구,20211110,716000,666000,795000,483333
특용작물,참깨,백색(국산),중품,30KG,대전,20211110,765000,715000,800000,483333
특용작물,참깨,중국,중품,30KG,서울,20211110,210000,196000,180000,159333
특용작물,참깨,중국,중품,30KG,부산,20211110,205000,200000,180000,156667
특용작물,참깨,중국,중품,30KG,대구,20211110,212000,201000,188000,157667
특용작물,참깨,중국,중품,30KG,광주,20211110,218000,198000,183200,164867
특용작물,참깨,중국,중품,30KG,대전,20211110,210000,194800,190000,166667
특용작물,참깨,인도,중품,30KG,부산,20211110,145000,145000,135000,125000
특용작물,참깨,인도,중품,30KG,광주,20211110,149000,150400,139000,128000
특용작물,참깨,인도,중품,30KG,대전,20211110,144000,141000,135000,126000
특용작물,들깨,국산,상품,45KG,서울,20211110,675000,652000,585000,436933
특용작물,들깨,국산,상품,45KG,부산,20211110,650000,,580000,427500
특용작물,들깨,국산,상품,45KG,대구,20211110,651000,700000,585000,466667
특용작물,들깨,국산,상품,45KG,광주,20211110,648000,645000,622000,411000
특용작물,들깨,국산,상품,45KG,대전,20211110,654000,713000,600000,418333
특용작물,들깨,국산,중품,45KG,대구,20211020,667000,667000,540000,453333
특용작물,들깨,국산,중품,45KG,대전,20211020,663000,663000,520000,384333
특용작물,들깨,수입,중품,45KG,서울,20211110,360000,536000,236000,183667
특용작물,들깨,수입,중품,45KG,부산,20211110,350000,550000,220000,200000
특용작물,들깨,수입,중품,45KG,대구,20211110,380000,536000,206800,191433
특용작물,들깨,수입,중품,45KG,광주,20211110,403000,493000,238000,179333
특용작물,들깨,수입,중품,45KG,대전,20211110,430000,498000,220000,190333
특용작물,땅콩,국산,상품,30KG,서울,20211110,390000,450000,445000,
특용작물,땅콩,국산,상품,30KG,부산,20211110,400000,450000,370000,289333
특용작물,땅콩,국산,상품,30KG,대구,20211110,365000,394000,440000,310000
특용작물,땅콩,국산,상품,30KG,대전,20211110,385000,405000,450000,282000
특용작물,땅콩,국산,중품,30KG,부산,20211110,370000,423000,350000,276000
특용작물,땅콩,국산,중품,30KG,대구,20211110,350000,376000,420000,298000
특용작물,땅콩,국산,중품,30KG,대전,20211110,355000,375000,430000,265000
특용작물,땅콩,수입,중품,30KG,서울,20111209,140000,140000,148800,112667
특용작물,땅콩,수입,중품,30KG,부산,20111209,164000,156000,140800,114800
특용작물,땅콩,수입,중품,30KG,대구,20111209,160000,151200,150000,117667
특용작물,땅콩,수입,중품,30KG,대전,20111209,150000,150000,138000,112667
특용작물,느타리버섯,느타리버섯,상품,2KG,서울,20211110,8660,7598,6000,16400
특용작물,느타리버섯,느타리버섯,상품,2KG,부산,20211110,10000,9000,6000,12667
특용작물,느타리버섯,느타리버섯,상품,2KG,대구,20211110,10000,8400,7000,13333
특용작물,느타리버섯,느타리버섯,상품,2KG,광주,20211110,9330,8662,6660,
특용작물,느타리버섯,느타리버섯,상품,2KG,대전,20211110,9660,8796,8000,12833
특용작물,느타리버섯,느타리버섯,중품,2KG,서울,20211110,7660,6598,4000,13733
특용작물,느타리버섯,느타리버섯,중품,2KG,부산,20211110,8000,7000,3000,10333
특용작물,느타리버섯,느타리버섯,중품,2KG,대구,20211110,8000,6600,4500,10667
특용작물,느타리버섯,느타리버섯,중품,2KG,광주,20211110,7330,6662,4660,
특용작물,느타리버섯,느타리버섯,중품,2KG,대전,20211110,7660,6796,5500,10467
특용작물,느타리버섯,애느타리버섯,상품,2KG,서울,20211110,8000,8064,8132,
특용작물,느타리버섯,애느타리버섯,상품,2KG,부산,20211110,9000,6700,7130,
특용작물,느타리버섯,애느타리버섯,상품,2KG,대구,20211110,9000,7000,7100,
특용작물,느타리버섯,애느타리버섯,상품,2KG,광주,20211110,8160,7160,7460,
특용작물,느타리버섯,애느타리버섯,상품,2KG,대전,20211110,8660,7594,7300,
특용작물,느타리버섯,애느타리버섯,중품,2KG,서울,20211110,7000,7064,7132,
특용작물,느타리버섯,애느타리버섯,중품,2KG,부산,20211110,7000,5000,5130,
특용작물,느타리버섯,애느타리버섯,중품,2KG,대구,20211110,7500,6000,5360,
특용작물,느타리버섯,애느타리버섯,중품,2KG,광주,20211110,7160,6160,5460,
특용작물,느타리버섯,애느타리버섯,중품,2KG,대전,20211110,7660,6594,5300,
특용작물,팽이버섯,팽이버섯,상품,5KG,서울,20211110,13000,11900,8998,11716
특용작물,팽이버섯,팽이버섯,상품,5KG,부산,20211110,15000,11400,9400,12467
특용작물,팽이버섯,팽이버섯,상품,5KG,대구,20211110,15000,11600,9300,12233
특용작물,팽이버섯,팽이버섯,상품,5KG,광주,20211110,14300,11500,10036,
특용작물,팽이버섯,팽이버섯,상품,5KG,대전,20211110,15000,13360,10000,12417
특용작물,팽이버섯,팽이버섯,중품,5KG,서울,20211110,12000,10918,6998,9383
특용작물,팽이버섯,팽이버섯,중품,5KG,부산,20211110,13000,9400,7400,10133
특용작물,팽이버섯,팽이버섯,중품,5KG,대구,20211110,13000,9600,7500,9467
특용작물,팽이버섯,팽이버섯,중품,5KG,광주,20211110,12300,9512,8060,
특용작물,팽이버섯,팽이버섯,중품,5KG,대전,20211110,13000,11440,8000,10000
특용작물,새송이버섯,새송이버섯,상품,2KG,서울,20211110,10000,9846,8400,8367
특용작물,새송이버섯,새송이버섯,상품,2KG,부산,20211110,8000,9800,8000,8000
특용작물,새송이버섯,새송이버섯,상품,2KG,대구,20211110,8000,10440,8500,7933
특용작물,새송이버섯,새송이버섯,상품,2KG,광주,20211110,9160,10900,8928,
특용작물,새송이버섯,새송이버섯,상품,2KG,대전,20211110,9330,11220,8600,8867
특용작물,새송이버섯,새송이버섯,중품,2KG,서울,20211110,8000,7864,6400,6367
특용작물,새송이버섯,새송이버섯,중품,2KG,부산,20211110,6000,7800,6000,6000
특용작물,새송이버섯,새송이버섯,중품,2KG,대구,20211110,6500,8900,7500,6667
특용작물,새송이버섯,새송이버섯,중품,2KG,광주,20211110,7160,8930,6928,
특용작물,새송이버섯,새송이버섯,중품,2KG,대전,20211110,7330,9262,6600,6533
과일류,사과,홍로,상품,10KG,서울,20211014,22500,38940,,
과일류,사과,홍로,상품,10KG,부산,20211014,29000,38800,,
과일류,사과,홍로,상품,10KG,대구,20211014,30000,40600,,
과일류,사과,홍로,상품,10KG,광주,20211014,27200,40000,,
과일류,사과,홍로,중품,10KG,서울,20211014,17500,33940,,
과일류,사과,홍로,중품,10KG,부산,20211014,25000,34800,,
과일류,사과,홍로,중품,10KG,대구,20211014,22000,32600,,
과일류,사과,홍로,중품,10KG,광주,20211014,22200,35000,,
과일류,사과,쓰가루,상품,10KG,서울,20210824,27500,,57980,37400
과일류,사과,쓰가루,상품,10KG,부산,20210824,33000,,55500,33500
과일류,사과,쓰가루,상품,10KG,대구,20210824,31000,,56520,33167
과일류,사과,쓰가루,상품,10KG,광주,20210824,33200,,51900,
과일류,사과,쓰가루,상품,10KG,대전,20210824,34300,,48000,32333
과일류,사과,쓰가루,중품,10KG,서울,20210824,22500,,52980,32733
과일류,사과,쓰가루,중품,10KG,부산,20210824,28000,,50500,28500
과일류,사과,쓰가루,중품,10KG,대구,20210824,26000,,49300,27000
과일류,사과,쓰가루,중품,10KG,광주,20210824,28200,,45900,
과일류,사과,쓰가루,중품,10KG,대전,20210824,28000,,44000,27667
과일류,사과,후지,상품,10KG,서울,20210824,33700,,47000,38500
과일류,사과,후지,상품,10KG,부산,20210824,37000,,49400,34917
과일류,사과,후지,상품,10KG,대구,20210824,37000,,48800,36000
과일류,사과,후지,상품,10KG,광주,20210824,37200,,49700,
과일류,사과,후지,상품,10KG,대전,20210824,43300,,49800,37100
과일류,사과,후지,중품,10KG,서울,20210824,28700,,42000,33417
과일류,사과,후지,중품,10KG,부산,20210824,33000,,44400,30917
과일류,사과,후지,중품,10KG,대구,20210824,32000,,41000,31000
과일류,사과,후지,중품,10KG,광주,20210824,32200,,39700,
과일류,사과,후지,중품,10KG,대전,20210824,38300,,41800,32433
과일류,배,신고,상품,15KG,서울,20210824,42500,39400,64400,43667
과일류,배,신고,상품,15KG,부산,20210824,43000,44000,63400,37267
과일류,배,신고,상품,15KG,대구,20210824,43000,42600,64700,39000
과일류,배,신고,상품,15KG,광주,20210824,43200,42800,64700,
과일류,배,신고,상품,15KG,대전,20210824,50000,46600,64600,38650
과일류,배,신고,중품,15KG,서울,20210824,37500,34400,59600,37000
과일류,배,신고,중품,15KG,부산,20210824,38000,38000,58400,31933
과일류,배,신고,중품,15KG,대구,20210824,38000,36600,60700,33133
과일류,배,신고,중품,15KG,광주,20210824,38200,37800,59700,
과일류,배,신고,중품,15KG,대전,20210824,45000,41600,57600,34317
과일류,배,원황,상품,15KG,서울,20210913,39000,62500,47600,35800
과일류,배,원황,상품,15KG,부산,20210913,40000,62800,46250,36133
과일류,배,원황,상품,15KG,대구,20210913,40000,62800,47500,43500
과일류,배,원황,상품,15KG,광주,20210913,40200,62600,47750,
과일류,배,원황,상품,15KG,대전,20210913,41600,63640,46000,38133
과일류,배,원황,중품,15KG,서울,20210913,34000,57500,42600,29867
과일류,배,원황,중품,15KG,부산,20210913,36000,57400,41250,31267
과일류,배,원황,중품,15KG,대구,20210913,35000,57800,41200,37667
과일류,배,원황,중품,15KG,광주,20210913,35200,57600,42750,
과일류,배,원황,중품,15KG,대전,20210913,36600,58640,41000,32800
과일류,복숭아,백도,상품,4.5KG,서울,20210824,21000,21500,,
과일류,복숭아,백도,상품,4.5KG,부산,20210824,21000,22250,,
과일류,복숭아,백도,상품,4.5KG,대구,20210824,20000,22500,,
과일류,복숭아,백도,상품,4.5KG,광주,20210824,20200,21950,,
과일류,복숭아,백도,상품,4.5KG,대전,20210824,18600,23475,,
과일류,복숭아,백도,중품,4.5KG,서울,20210824,16000,16500,,
과일류,복숭아,백도,중품,4.5KG,부산,20210824,15000,16250,,
과일류,복숭아,백도,중품,4.5KG,대구,20210824,15000,17500,,
과일류,복숭아,백도,중품,4.5KG,광주,20210824,15200,16950,,
과일류,복숭아,백도,중품,4.5KG,대전,20210824,13600,18225,,
과일류,복숭아,유명,상품,4.5KG,서울,20140926,13000,,,
과일류,복숭아,유명,상품,4.5KG,대구,20140926,15000,,,
과일류,복숭아,유명,상품,4.5KG,광주,20140926,12000,,,
과일류,복숭아,유명,상품,4.5KG,대전,20140926,14000,,,
과일류,복숭아,유명,중품,4.5KG,서울,20140926,8000,,,
과일류,복숭아,유명,중품,4.5KG,대구,20140926,10000,,,
과일류,복숭아,유명,중품,4.5KG,광주,20140926,8000,,,
과일류,복숭아,유명,중품,4.5KG,대전,20140926,11000,,,
과일류,포도,캠벨얼리,상품,5KG,서울,20211014,17200,19700,19040,19013
과일류,포도,캠벨얼리,상품,5KG,부산,20211014,22000,22800,21000,18667
과일류,포도,캠벨얼리,상품,5KG,대구,20211014,22000,22000,21000,17800
과일류,포도,캠벨얼리,상품,5KG,광주,20211014,22300,21500,22600,
과일류,포도,캠벨얼리,상품,5KG,대전,20211014,23000,24000,22200,18767
과일류,포도,캠벨얼리,중품,5KG,서울,20211014,12200,14700,14040,15147
과일류,포도,캠벨얼리,중품,5KG,부산,20211014,17000,18400,15000,14000
과일류,포도,캠벨얼리,중품,5KG,대구,20211014,18000,18000,17000,13800
과일류,포도,캠벨얼리,중품,5KG,광주,20211014,18300,17500,17600,
과일류,포도,캠벨얼리,중품,5KG,대전,20211014,18000,19000,16200,15200
과일류,포도,거봉,상품,2KG,서울,20211008,17500,15000,21200,15000
과일류,포도,거봉,상품,2KG,부산,20211008,16000,15000,15000,12850
과일류,포도,거봉,상품,2KG,대구,20211008,18000,15000,16000,12867
과일류,포도,거봉,상품,2KG,광주,20211008,18100,15100,15600,
과일류,포도,거봉,상품,2KG,대전,20211008,17600,17520,15000,12517
과일류,포도,거봉,중품,2KG,서울,20211008,12500,10000,16240,12317
과일류,포도,거봉,중품,2KG,부산,20211008,13000,12000,11000,10183
과일류,포도,거봉,중품,2KG,대구,20211008,14000,11000,14000,9600
과일류,포도,거봉,중품,2KG,광주,20211008,15100,12100,9660,
과일류,포도,거봉,중품,2KG,대전,20211008,13000,12200,12000,8983
과일류,포도,MBA,상품,5KG,부산,20211108,19000,20000,,
과일류,포도,MBA,상품,5KG,대구,20211108,18000,18400,,
과일류,포도,MBA,상품,5KG,광주,20211108,18300,19700,,
과일류,포도,MBA,중품,5KG,부산,20211108,15000,16000,,
과일류,포도,MBA,중품,5KG,대구,20211108,14000,14400,,
과일류,포도,MBA,중품,5KG,광주,20211108,14300,15700,,
과일류,포도,레드글로브 칠레,상품,8KG,부산,20200813,38000,36800,29000,
과일류,포도,레드글로브 칠레,상품,8KG,대구,20200813,,37000,25000,
과일류,포도,레드글로브 칠레,중품,8KG,부산,20200813,34000,32800,25000,
과일류,포도,레드글로브 칠레,중품,8KG,대구,20200813,,30000,20000,
과일류,포도,레드글로브 페루,상품,8KG,대구,20200624,34000,34000,,
과일류,포도,레드글로브 페루,중품,8KG,대구,20200624,32000,32000,,
과일류,포도,톰슨 미국,상품,8KG,부산,20181227,40000,,,
과일류,포도,톰슨 미국,중품,8KG,부산,20181227,34000,,,
과일류,포도,수입,상품,8KG,서울,20180629,34000,34000,,
과일류,포도,수입,상품,8KG,부산,20180629,32000,32000,,
과일류,포도,수입,상품,8KG,대구,20180629,30000,31600,,
과일류,포도,수입,상품,8KG,광주,20180629,30000,31600,,
과일류,포도,수입,상품,8KG,대전,20180629,37000,34600,,
과일류,포도,수입,중품,8KG,서울,20180629,30000,30000,,
과일류,포도,수입,중품,8KG,부산,20180629,28000,28000,,
과일류,포도,수입,중품,8KG,대구,20180629,25000,26600,,
과일류,포도,수입,중품,8KG,광주,20180629,25000,26600,,
과일류,포도,수입,중품,8KG,대전,20180629,33000,29600,,
과일류,포도,샤인머스캣,상품,2KG,서울,20180629,28500,22500,28800,
과일류,포도,샤인머스캣,상품,2KG,부산,20180629,24000,21200,23000,
과일류,포도,샤인머스캣,상품,2KG,대구,20180629,25000,22000,25100,
과일류,포도,샤인머스캣,상품,2KG,광주,20180629,26300,23700,25400,
과일류,포도,샤인머스캣,상품,2KG,대전,20180629,27000,24580,24400,
과일류,포도,샤인머스캣,중품,2KG,서울,20180629,23500,17500,23800,
과일류,포도,샤인머스캣,중품,2KG,부산,20180629,20000,17200,18000,
과일류,포도,샤인머스캣,중품,2KG,대구,20180629,20000,18000,19400,
과일류,포도,샤인머스캣,중품,2KG,광주,20180629,22300,19700,20400,
과일류,포도,샤인머스캣,중품,2KG,대전,20180629,22000,19580,19400,
과일류,감귤,노지,S과,5KG,서울,20211110,10500,12560,16600,
과일류,감귤,노지,S과,5KG,부산,20211110,11000,12500,11000,
과일류,감귤,노지,S과,5KG,대구,20211110,11000,14200,11200,
과일류,감귤,노지,S과,5KG,광주,20211110,11200,13600,12900,
과일류,감귤,노지,S과,5KG,대전,20211110,11600,14080,11200,
과일류,감귤,노지,M과,5KG,서울,20211110,7500,9800,11600,
과일류,감귤,노지,M과,5KG,부산,20211110,10000,11440,9000,
과일류,감귤,노지,M과,5KG,대구,20211110,9000,12200,8200,
과일류,감귤,노지,M과,5KG,광주,20211110,9250,11600,10900,
과일류,감귤,노지,M과,5KG,대전,20211110,9660,12680,9200,
과일류,감귤,시설,S과,3KG,서울,20211014,19000,21500,26500,
과일류,감귤,시설,S과,3KG,부산,20211014,,22000,,
과일류,감귤,시설,S과,3KG,대구,20211014,19000,20000,16000,
과일류,감귤,시설,S과,3KG,광주,20211014,19200,21200,16500,
과일류,감귤,시설,S과,3KG,대전,20211014,18600,21000,,
과일류,감귤,시설,M과,3KG,서울,20211014,14000,16500,21500,
과일류,감귤,시설,M과,3KG,부산,20211014,,19000,,
과일류,감귤,시설,M과,3KG,대구,20211014,15000,16000,14000,
과일류,감귤,시설,M과,3KG,광주,20211014,15200,17200,13500,
과일류,감귤,시설,M과,3KG,대전,20211014,13600,16000,,
과일류,감귤,감귤,상품,10KG,서울,20180105,26000,20000,19800,19050
과일류,감귤,감귤,상품,10KG,부산,20180105,23000,20000,19000,18000
과일류,감귤,감귤,상품,10KG,대구,20180105,20000,23000,19000,18133
과일류,감귤,감귤,상품,10KG,광주,20180105,20000,22600,20400,19467
과일류,감귤,감귤,상품,10KG,대전,20180105,21000,21000,21600,17783
과일류,감귤,감귤,중품,10KG,서울,20180105,21000,14000,16800,16050
과일류,감귤,감귤,중품,10KG,부산,20180105,19000,16000,17000,14167
과일류,감귤,감귤,중품,10KG,대구,20180105,15000,18000,15000,14400
과일류,감귤,감귤,중품,10KG,광주,20180105,15000,17600,16400,15500
과일류,감귤,감귤,중품,10KG,대전,20180105,18000,18000,17800,13850
과일류,단감,단감,상품,10KG,서울,20211110,31500,,32400,29233
과일류,단감,단감,상품,10KG,부산,20211110,29000,,30000,26000
과일류,단감,단감,상품,10KG,대구,20211110,27000,,32900,25800
과일류,단감,단감,상품,10KG,광주,20211110,29200,,31500,
과일류,단감,단감,상품,10KG,대전,20211110,30000,,29000,26367
과일류,단감,단감,중품,10KG,서울,20211110,26500,,27400,24500
과일류,단감,단감,중품,10KG,부산,20211110,24000,,25000,21800
과일류,단감,단감,중품,10KG,대구,20211110,21000,,26900,20867
과일류,단감,단감,중품,10KG,광주,20211110,25200,,26500,
과일류,단감,단감,중품,10KG,대전,20211110,25000,,24000,21033
과일류,바나나,수입,상품,13KG,서울,20211110,25000,28000,25800,25933
과일류,바나나,수입,상품,13KG,부산,20211110,23000,26000,26000,26333
과일류,바나나,수입,상품,13KG,대구,20211110,25000,24000,26000,25667
과일류,바나나,수입,상품,13KG,광주,20211110,25300,26900,28600,
과일류,바나나,수입,상품,13KG,대전,20211110,25000,26300,27000,26167
과일류,바나나,수입,중품,13KG,서울,20211110,20000,23000,20800,22000
과일류,바나나,수입,중품,13KG,부산,20211110,21000,23000,23000,23000
과일류,바나나,수입,중품,13KG,대구,20211110,20000,19000,20000,20667
과일류,바나나,수입,중품,13KG,광주,20211110,21300,22900,24600,
과일류,바나나,수입,중품,13KG,대전,20211110,22000,23300,24000,21500
과일류,참다래,국산,상품,10KG,서울,20210426,44500,43200,36000,36667
과일류,참다래,국산,상품,10KG,부산,20210426,44000,43000,36000,33733
과일류,참다래,국산,상품,10KG,대구,20210426,44000,44000,36000,34933
과일류,참다래,국산,상품,10KG,광주,20210426,43300,43300,35000,
과일류,참다래,국산,상품,10KG,대전,20210426,43000,43000,34500,35267
과일류,참다래,국산,중품,10KG,서울,20210426,39500,38200,33000,32667
과일류,참다래,국산,중품,10KG,부산,20210426,39000,38000,32000,29400
과일류,참다래,국산,중품,10KG,대구,20210426,40000,40000,30000,29600
과일류,참다래,국산,중품,10KG,광주,20210426,38300,38300,30000,
과일류,참다래,국산,중품,10KG,대전,20210426,40500,40500,31500,31167
과일류,참다래,그린 뉴질랜드,상품,10KG,서울,20211110,42600,42600,,
과일류,참다래,그린 뉴질랜드,상품,10KG,부산,20211110,43000,43000,,
과일류,참다래,그린 뉴질랜드,상품,10KG,대구,20211110,42000,42000,42000,41333
과일류,참다래,그린 뉴질랜드,상품,10KG,광주,20211110,42300,42300,45300,
과일류,참다래,그린 뉴질랜드,상품,10KG,대전,20211110,45000,43300,46000,42667
과일류,참다래,그린 뉴질랜드,중품,10KG,서울,20211110,37600,37600,,
과일류,참다래,그린 뉴질랜드,중품,10KG,부산,20211110,38000,38000,,
과일류,참다래,그린 뉴질랜드,중품,10KG,대구,20211110,35000,35000,37000,36333
과일류,참다래,그린 뉴질랜드,중품,10KG,광주,20211110,37300,37300,40300,
과일류,참다래,그린 뉴질랜드,중품,10KG,대전,20211110,40000,38300,43000,37667
과일류,파인애플,수입,상품,12KG,서울,20211110,34000,33200,27600,23233
과일류,파인애플,수입,상품,12KG,부산,20211110,33000,32400,26000,25000
과일류,파인애플,수입,상품,12KG,대구,20211110,31000,31600,26000,25133
과일류,파인애플,수입,상품,12KG,광주,20211110,34300,32300,27600,
과일류,파인애플,수입,상품,12KG,대전,20211110,33000,31360,28000,26000
과일류,파인애플,수입,중품,12KG,서울,20211110,29000,28200,22600,20067
과일류,파인애플,수입,중품,12KG,부산,20211110,28000,28200,22000,21000
과일류,파인애플,수입,중품,12KG,대구,20211110,27000,28400,22000,21067
과일류,파인애플,수입,중품,12KG,광주,20211110,31300,29300,24600,
과일류,파인애플,수입,중품,12KG,대전,20211110,28000,26360,24000,21667
과일류,오렌지,네이블 미국,상품,18KG,대전,20210726,60000,60000,,
과일류,오렌지,네이블 미국,중품,18KG,대전,20210726,53000,53000,,
과일류,오렌지,네이블 호주,상품,18KG,서울,20210726,68300,56840,68600,
과일류,오렌지,네이블 호주,상품,18KG,광주,20210726,47300,47300,69400,
과일류,오렌지,네이블 호주,중품,18KG,서울,20210726,63300,51840,63540,
과일류,오렌지,네이블 호주,중품,18KG,광주,20210726,42300,42300,64400,
과일류,오렌지,발렌시아 미국,상품,18KG,대구,20210824,48000,48000,,
과일류,오렌지,발렌시아 미국,중품,18KG,대구,20210824,43000,43000,,
과일류,레몬,수입,상품,17KG,서울,20211110,86600,88000,66600,66450
과일류,레몬,수입,상품,17KG,부산,20211110,90000,70000,65000,68667
과일류,레몬,수입,상품,17KG,대구,20211110,95000,64000,65000,67500
과일류,레몬,수입,상품,17KG,광주,20211110,90300,62360,55600,
과일류,레몬,수입,상품,17KG,대전,20211110,90000,64760,55000,69333
과일류,레몬,수입,중품,17KG,서울,20211110,81600,82200,61600,60533
과일류,레몬,수입,중품,17KG,부산,20211110,84000,65000,60000,63667
과일류,레몬,수입,중품,17KG,대구,20211110,88000,59000,60000,60667
과일류,레몬,수입,중품,17KG,광주,20211110,84300,56300,49300,
과일류,레몬,수입,중품,17KG,대전,20211110,85000,59760,51000,61000
과일류,체리,수입,상품,5KG,서울,20210819,64000,61000,,
과일류,체리,수입,상품,5KG,부산,20210819,58000,60800,,
과일류,체리,수입,상품,5KG,대구,20210819,59000,62000,,
과일류,체리,수입,상품,5KG,광주,20210819,58300,62900,,
과일류,체리,수입,상품,5KG,대전,20210819,59300,63560,,
과일류,체리,수입,중품,5KG,서울,20210819,59000,56000,,
과일류,체리,수입,중품,5KG,부산,20210819,54000,55800,,
과일류,체리,수입,중품,5KG,대구,20210819,52000,55000,,
과일류,체리,수입,중품,5KG,광주,20210819,52300,56900,,
과일류,체리,수입,중품,5KG,대전,20210819,54000,58300,,
과일류,망고,수입,상품,5KG,서울,20211110,48300,45000,51600,47400
과일류,망고,수입,상품,5KG,부산,20211110,49000,57200,56000,49000
과일류,망고,수입,상품,5KG,대구,20211110,50000,56400,60500,50333
과일류,망고,수입,상품,5KG,광주,20211110,50300,58500,58600,
과일류,망고,수입,상품,5KG,대전,20211110,52600,61300,58600,52000
과일류,망고,수입,중품,5KG,서울,20211110,43300,40000,46600,43267
과일류,망고,수입,중품,5KG,부산,20211110,44000,52200,51000,44667
과일류,망고,수입,중품,5KG,대구,20211110,45000,51600,54500,43333
과일류,망고,수입,중품,5KG,광주,20211110,46300,54500,52600,
과일류,망고,수입,중품,5KG,대전,20211110,47600,56300,50600,46333
수산물,고등어,생선,중품,10KG,서울,20211110,49600,43560,51300,44083
수산물,고등어,생선,중품,10KG,부산,20211110,47000,44800,48000,38917
수산물,고등어,생선,중품,10KG,대구,20211110,53600,55120,49240,41667
수산물,고등어,생선,중품,10KG,광주,20211110,49300,48900,48600,
수산물,고등어,생선,중품,10KG,대전,20211110,51600,48280,48400,37333
수산물,고등어,냉동,중품,10KG,서울,20211110,50000,50000,35000,32667
수산물,고등어,냉동,중품,10KG,부산,20211110,43000,43000,39280,31333
수산물,고등어,냉동,중품,10KG,대구,20211110,44000,44000,40820,34000
수산물,고등어,냉동,중품,10KG,광주,20211110,42300,42300,40400,
수산물,고등어,냉동,중품,10KG,대전,20211110,42000,42000,41000,30500
수산물,고등어,냉동(수입),중품,20KG,서울,20211110,76600,66000,80600,62000
수산물,고등어,냉동(수입),중품,20KG,부산,20211110,65000,62500,62500,55000
수산물,고등어,냉동(수입),중품,20KG,대구,20211110,63000,63000,63000,57917
수산물,고등어,냉동(수입),중품,20KG,광주,20211110,62300,62300,65600,
수산물,고등어,냉동(수입),중품,20KG,대전,20211110,62000,62000,63000,55000
수산물,갈치,생선,중품,1KG,서울,20211110,9330,16980,18200,17800
수산물,갈치,생선,중품,1KG,부산,20211110,15500,15500,,
수산물,갈치,생선,중품,1KG,대구,20211110,13000,14000,16600,21333
수산물,갈치,생선,중품,1KG,광주,20211110,15300,16180,16600,
수산물,갈치,생선,중품,1KG,대전,20211110,15600,16560,16000,20667
수산물,갈치,냉동,중품,1KG,서울,20211110,14300,14300,15000,13900
수산물,갈치,냉동,중품,1KG,부산,20211110,14000,14000,15300,13667
수산물,갈치,냉동,중품,1KG,대구,20211110,15500,16000,15300,14433
수산물,갈치,냉동,중품,1KG,광주,20211110,14300,14300,15600,
수산물,갈치,냉동,중품,1KG,대전,20211110,15500,15500,14000,14000
수산물,명태,냉동,중품,20KG,서울,20211110,37000,37000,43300,40433
수산물,명태,냉동,중품,20KG,부산,20211110,44300,44300,50000,40733
수산물,명태,냉동,중품,20KG,대구,20211110,45000,45000,55800,42333
수산물,명태,냉동,중품,20KG,광주,20211110,44300,44300,50600,
수산물,명태,냉동,중품,20KG,대전,20211110,45000,45000,50000,43667
수산물,물오징어,생선,중품,1KG,서울,20211110,9160,9000,11560,11695
수산물,물오징어,생선,중품,1KG,부산,20211110,7000,7500,10500,8933
수산물,물오징어,생선,중품,1KG,대구,20211110,8330,8000,11600,10700
수산물,물오징어,생선,중품,1KG,광주,20211110,9330,9228,11600,
수산물,물오징어,생선,중품,1KG,대전,20211110,9310,8946,11400,10800
수산물,물오징어,냉동,중품,1KG,서울,20211110,9000,9200,12300,9667
수산물,물오징어,냉동,중품,1KG,부산,20211110,10000,10000,10000,7500
수산물,물오징어,냉동,중품,1KG,대구,20211110,9400,9400,10500,8833
수산물,물오징어,냉동,중품,1KG,광주,20211110,10300,10300,11600,
수산물,물오징어,냉동,중품,1KG,대전,20211110,9400,9400,10000,8667
수산물,건멸치,건멸치,중품,1.5KG,서울,20211110,13000,13000,15000,17600
수산물,건멸치,건멸치,중품,1.5KG,부산,20211110,16000,16000,20000,20333
수산물,건멸치,건멸치,중품,1.5KG,대구,20211110,12300,12300,20000,20000
수산물,건멸치,건멸치,중품,1.5KG,광주,20211110,16000,16000,19300,18767
수산물,건멸치,건멸치,중품,1.5KG,대전,20211110,12600,12000,20000,18367
수산물,북어,황태,중품,10마리,서울,20211110,45000,43000,39300,40000
수산물,북어,황태,중품,10마리,부산,20211110,44000,44000,39000,38000
수산물,북어,황태,중품,10마리,대구,20211110,45000,45000,46000,39333
수산물,북어,황태,중품,10마리,광주,20211110,48600,48600,48600,41667
수산물,북어,황태,중품,10마리,대전,20211110,50000,50000,47600,39533
수산물,건오징어,건오징어,중품,20마리,서울,20211110,70000,70000,70000,61000
수산물,건오징어,건오징어,중품,20마리,부산,20211110,80000,80000,79000,62667
수산물,건오징어,건오징어,중품,20마리,대구,20211110,81600,85000,88300,66717
수산물,건오징어,건오징어,중품,20마리,광주,20211110,85000,85000,85000,65000
수산물,건오징어,건오징어,중품,20마리,대전,20211110,83300,86000,84000,67300
수산물,김,마른김,중품,1속,서울,20211110,6000,6000,6000,6000
수산물,김,마른김,중품,1속,부산,20211110,6200,6200,6200,6267
수산물,김,마른김,중품,1속,대구,20211110,7000,7000,7160,7387
수산물,김,마른김,중품,1속,광주,20211110,6000,6000,6160,6387
수산물,김,마른김,중품,1속,대전,20211110,5500,5500,6000,6133
수산물,건미역,건미역,상품,1KG,서울,20211110,10000,10000,10000,10333
수산물,건미역,건미역,상품,1KG,부산,20211110,13000,13000,15000,12667
수산물,건미역,건미역,상품,1KG,대구,20211110,13600,13600,14000,14000
수산물,건미역,건미역,상품,1KG,광주,20211110,12000,12000,12000,12000
수산물,건미역,건미역,상품,1KG,대전,20211110,11000,11000,11000,11333
수산물,굴,굴,상품,1KG,서울,20211110,14300,,14680,12435
수산물,굴,굴,상품,1KG,부산,20211110,16500,,12780,11267
수산물,굴,굴,상품,1KG,대구,20211110,16000,,13400,11533
수산물,굴,굴,상품,1KG,광주,20211110,15300,,13300,
수산물,굴,굴,상품,1KG,대전,20211110,14600,,12700,11900
수산물,수입조기,부세수입(생선),중품,1KG,서울,20080604,5500,5500,5300,
수산물,수입조기,부세수입(냉동),중품,1KG,부산,20100420,4800,4800,4900,
수산물,전복,전복,중품,1KG,서울,20211110,33000,33000,35000,34417
수산물,전복,전복,중품,1KG,부산,20211110,34000,34000,36000,37333
수산물,전복,전복,중품,1KG,대구,20211110,37500,38000,40000,41667
수산물,전복,전복,중품,1KG,광주,20211110,35300,35300,38000,
수산물,전복,전복,중품,1KG,대전,20211110,38000,38000,38000,39000
수산물,새우,흰다리(수입),중품,2KG,서울,20211110,24000,24000,23000,25767
수산물,새우,흰다리(수입),중품,2KG,부산,20211110,25500,25500,25500,33667
수산물,새우,흰다리(수입),중품,2KG,대구,20211110,28500,28000,27500,31667
수산물,새우,흰다리(수입),중품,2KG,광주,20211110,25300,25300,25600,
수산물,새우,흰다리(수입),중품,2KG,대전,20211110,25500,25500,25500,32000
